customer_id,customer_name,region,customer_type
C0001,Customer_1,South,Retail
C0002,Customer_2,East,Retail
C0003,Customer_3,South,Online
C0004,Customer_4,South,Online
C0005,Customer_5,North,Online
C0006,Customer_6,South,Retail
C0007,Customer_7,East,Wholesale
C0008,Customer_8,South,Retail
C0009,Customer_9,North,Online
C0010,Customer_10,East,Online
C0011,Customer_11,West,Online
C0012,Customer_12,North,Retail
C0013,Customer_13,East,Retail
C0014,Customer_14,West,Online
C0015,Customer_15,West,Wholesale
C0016,Customer_16,West,Retail
C0017,Customer_17,South,Wholesale
C0018,Customer_18,West,Wholesale
C0019,Customer_19,North,Retail
C0020,Customer_20,South,Retail
C0021,Customer_21,North,Retail
C0022,Customer_22,South,Online
C0023,Customer_23,West,Wholesale
C0024,Customer_24,South,Online
C0025,Customer_25,West,Online
C0026,Customer_26,West,Online
C0027,Customer_27,North,Online
C0028,Customer_28,South,Wholesale
C0029,Customer_29,West,Online
C0030,Customer_30,North,Online
C0031,Customer_31,North,Retail
C0032,Customer_32,West,Retail
C0033,Customer_33,East,Online
C0034,Customer_34,West,Online
C0035,Customer_35,North,Retail
C0036,Customer_36,South,Retail
C0037,Customer_37,East,Wholesale
C0038,Customer_38,West,Online
C0039,Customer_39,North,Retail
C0040,Customer_40,East,Retail
C0041,Customer_41,North,Wholesale
C0042,Customer_42,North,Online
C0043,Customer_43,West,Retail
C0044,Customer_44,East,Online
C0045,Customer_45,West,Retail
C0046,Customer_46,North,Online
C0047,Customer_47,West,Retail
C0048,Customer_48,South,Online
C0049,Customer_49,West,Retail
C0050,Customer_50,East,Online
C0051,Customer_51,East,Retail
C0052,Customer_52,North,Retail
C0053,Customer_53,West,Retail
C0054,Customer_54,North,Retail
C0055,Customer_55,North,Retail
C0056,Customer_56,North,Wholesale
C0057,Customer_57,East,Retail
C0058,Customer_58,North,Retail
C0059,Customer_59,East,Online
C0060,Customer_60,West,Retail
C0061,Customer_61,North,Online
C0062,Customer_62,West,Wholesale
C0063,Customer_63,West,Online
C0064,Customer_64,East,Online
C0065,Customer_65,North,Retail
C0066,Customer_66,South,Retail
C0067,Customer_67,West,Retail
C0068,Customer_68,East,Retail
C0069,Customer_69,South,Retail
C0070,Customer_70,North,Wholesale
C0071,Customer_71,East,Retail
C0072,Customer_72,East,Retail
C0073,Customer_73,North,Retail
C0074,Customer_74,South,Retail
C0075,Customer_75,West,Online
C0076,Customer_76,North,Retail
C0077,Customer_77,North,Wholesale
C0078,Customer_78,South,Wholesale
C0079,Customer_79,West,Retail
C0080,Customer_80,East,Wholesale
C0081,Customer_81,West,Retail
C0082,Customer_82,West,Online
C0083,Customer_83,East,Retail
C0084,Customer_84,East,Online
C0085,Customer_85,East,Retail
C0086,Customer_86,West,Online
C0087,Customer_87,South,Wholesale
C0088,Customer_88,North,Online
C0089,Customer_89,West,Wholesale
C0090,Customer_90,West,Retail
C0091,Customer_91,South,Retail
C0092,Customer_92,East,Retail
C0093,Customer_93,West,Wholesale
C0094,Customer_94,South,Retail
C0095,Customer_95,East,Online
C0096,Customer_96,East,Retail
C0097,Customer_97,West,Retail
C0098,Customer_98,West,Wholesale
C0099,Customer_99,South,Wholesale
C0100,Customer_100,East,Retail
C0101,Customer_101,West,Retail
C0102,Customer_102,West,Online
C0103,Customer_103,North,Wholesale
C0104,Customer_104,South,Online
C0105,Customer_105,East,Wholesale
C0106,Customer_106,West,Retail
C0107,Customer_107,East,Retail
C0108,Customer_108,North,Online
C0109,Customer_109,East,Online
C0110,Customer_110,East,Retail
C0111,Customer_111,West,Retail
C0112,Customer_112,North,Online
C0113,Customer_113,South,Retail
C0114,Customer_114,West,Retail
C0115,Customer_115,West,Wholesale
C0116,Customer_116,South,Retail
C0117,Customer_117,North,Online
C0118,Customer_118,South,Retail
C0119,Customer_119,South,Online
C0120,Customer_120,North,Online
C0121,Customer_121,North,Online
C0122,Customer_122,East,Retail
C0123,Customer_123,West,Retail
C0124,Customer_124,East,Wholesale
C0125,Customer_125,North,Retail
C0126,Customer_126,North,Retail
C0127,Customer_127,North,Retail
C0128,Customer_128,West,Retail
C0129,Customer_129,South,Retail
C0130,Customer_130,North,Online
C0131,Customer_131,West,Wholesale
C0132,Customer_132,North,Online
C0133,Customer_133,North,Retail
C0134,Customer_134,East,Online
C0135,Customer_135,West,Wholesale
C0136,Customer_136,South,Online
C0137,Customer_137,West,Online
C0138,Customer_138,East,Retail
C0139,Customer_139,South,Wholesale
C0140,Customer_140,South,Online
C0141,Customer_141,North,Online
C0142,Customer_142,South,Online
C0143,Customer_143,North,Wholesale
C0144,Customer_144,North,Retail
C0145,Customer_145,West,Retail
C0146,Customer_146,West,Wholesale
C0147,Customer_147,North,Online
C0148,Customer_148,North,Online
C0149,Customer_149,North,Online
C0150,Customer_150,North,Retail
C0151,Customer_151,West,Wholesale
C0152,Customer_152,East,Online
C0153,Customer_153,North,Online
C0154,Customer_154,West,Retail
C0155,Customer_155,East,Retail
C0156,Customer_156,West,Retail
C0157,Customer_157,East,Online
C0158,Customer_158,East,Retail
C0159,Customer_159,West,Retail
C0160,Customer_160,West,Wholesale
C0161,Customer_161,North,Online
C0162,Customer_162,West,Online
C0163,Customer_163,West,Retail
C0164,Customer_164,North,Retail
C0165,Customer_165,East,Retail
C0166,Customer_166,South,Wholesale
C0167,Customer_167,South,Retail
C0168,Customer_168,South,Retail
C0169,Customer_169,South,Online
C0170,Customer_170,North,Wholesale
C0171,Customer_171,East,Retail
C0172,Customer_172,South,Online
C0173,Customer_173,South,Online
C0174,Customer_174,West,Retail
C0175,Customer_175,West,Wholesale
C0176,Customer_176,South,Online
C0177,Customer_177,South,Online
C0178,Customer_178,South,Online
C0179,Customer_179,East,Retail
C0180,Customer_180,South,Online
C0181,Customer_181,West,Wholesale
C0182,Customer_182,South,Retail
C0183,Customer_183,West,Retail
C0184,Customer_184,West,Online
C0185,Customer_185,North,Retail
C0186,Customer_186,East,Online
C0187,Customer_187,West,Online
C0188,Customer_188,South,Retail
C0189,Customer_189,South,Wholesale
C0190,Customer_190,East,Retail
C0191,Customer_191,East,Online
C0192,Customer_192,West,Online
C0193,Customer_193,West,Online
C0194,Customer_194,North,Online
C0195,Customer_195,South,Retail
C0196,Customer_196,South,Online
C0197,Customer_197,East,Retail
C0198,Customer_198,South,Online
C0199,Customer_199,West,Retail
C0200,Customer_200,North,Retail
C0201,Customer_201,North,Wholesale
C0202,Customer_202,North,Wholesale
C0203,Customer_203,West,Online
C0204,Customer_204,North,Retail
C0205,Customer_205,South,Wholesale
C0206,Customer_206,South,Retail
C0207,Customer_207,South,Retail
C0208,Customer_208,West,Online
C0209,Customer_209,South,Online
C0210,Customer_210,East,Wholesale
C0211,Customer_211,South,Wholesale
C0212,Customer_212,West,Online
C0213,Customer_213,West,Retail
C0214,Customer_214,South,Retail
C0215,Customer_215,North,Retail
C0216,Customer_216,North,Retail
C0217,Customer_217,West,Online
C0218,Customer_218,East,Retail
C0219,Customer_219,North,Retail
C0220,Customer_220,North,Retail
C0221,Customer_221,West,Online
C0222,Customer_222,North,Retail
C0223,Customer_223,West,Wholesale
C0224,Customer_224,South,Wholesale
C0225,Customer_225,South,Wholesale
C0226,Customer_226,East,Wholesale
C0227,Customer_227,West,Retail
C0228,Customer_228,East,Online
C0229,Customer_229,North,Wholesale
C0230,Customer_230,East,Retail
C0231,Customer_231,West,Wholesale
C0232,Customer_232,South,Online
C0233,Customer_233,North,Online
C0234,Customer_234,North,Retail
C0235,Customer_235,South,Wholesale
C0236,Customer_236,North,Retail
C0237,Customer_237,South,Online
C0238,Customer_238,West,Wholesale
C0239,Customer_239,West,Online
C0240,Customer_240,South,Retail
C0241,Customer_241,East,Retail
C0242,Customer_242,North,Online
C0243,Customer_243,West,Wholesale
C0244,Customer_244,East,Online
C0245,Customer_245,West,Wholesale
C0246,Customer_246,East,Retail
C0247,Customer_247,North,Wholesale
C0248,Customer_248,North,Retail
C0249,Customer_249,South,Online
C0250,Customer_250,South,Online
C0251,Customer_251,East,Online
C0252,Customer_252,West,Retail
C0253,Customer_253,North,Online
C0254,Customer_254,West,Retail
C0255,Customer_255,West,Retail
C0256,Customer_256,North,Retail
C0257,Customer_257,South,Retail
C0258,Customer_258,West,Retail
C0259,Customer_259,North,Retail
C0260,Customer_260,North,Retail
C0261,Customer_261,South,Wholesale
C0262,Customer_262,North,Retail
C0263,Customer_263,North,Online
C0264,Customer_264,South,Retail
C0265,Customer_265,South,Retail
C0266,Customer_266,South,Retail
C0267,Customer_267,West,Retail
C0268,Customer_268,West,Retail
C0269,Customer_269,North,Online
C0270,Customer_270,East,Online
C0271,Customer_271,North,Online
C0272,Customer_272,West,Retail
C0273,Customer_273,South,Wholesale
C0274,Customer_274,North,Online
C0275,Customer_275,East,Online
C0276,Customer_276,South,Wholesale
C0277,Customer_277,North,Retail
C0278,Customer_278,East,Online
C0279,Customer_279,North,Retail
C0280,Customer_280,North,Retail
C0281,Customer_281,West,Retail
C0282,Customer_282,South,Wholesale
C0283,Customer_283,West,Retail
C0284,Customer_284,North,Wholesale
C0285,Customer_285,South,Retail
C0286,Customer_286,West,Online
C0287,Customer_287,North,Wholesale
C0288,Customer_288,West,Online
C0289,Customer_289,North,Online
C0290,Customer_290,North,Online
C0291,Customer_291,East,Online
C0292,Customer_292,East,Retail
C0293,Customer_293,East,Retail
C0294,Customer_294,West,Retail
C0295,Customer_295,South,Online
C0296,Customer_296,North,Wholesale
C0297,Customer_297,East,Online
C0298,Customer_298,West,Retail
C0299,Customer_299,North,Retail
C0300,Customer_300,South,Retail
C0301,Customer_301,East,Retail
C0302,Customer_302,North,Online
C0303,Customer_303,West,Retail
C0304,Customer_304,South,Online
C0305,Customer_305,East,Retail
C0306,Customer_306,South,Online
C0307,Customer_307,North,Online
C0308,Customer_308,East,Retail
C0309,Customer_309,West,Retail
C0310,Customer_310,South,Wholesale
C0311,Customer_311,North,Online
C0312,Customer_312,East,Retail
C0313,Customer_313,North,Retail
C0314,Customer_314,East,Retail
C0315,Customer_315,East,Online
C0316,Customer_316,West,Retail
C0317,Customer_317,South,Retail
C0318,Customer_318,South,Retail
C0319,Customer_319,South,Online
C0320,Customer_320,South,Retail
C0321,Customer_321,South,Retail
C0322,Customer_322,East,Retail
C0323,Customer_323,West,Online
C0324,Customer_324,North,Retail
C0325,Customer_325,West,Wholesale
C0326,Customer_326,North,Wholesale
C0327,Customer_327,South,Online
C0328,Customer_328,West,Online
C0329,Customer_329,East,Online
C0330,Customer_330,South,Retail
C0331,Customer_331,North,Online
C0332,Customer_332,North,Wholesale
C0333,Customer_333,South,Online
C0334,Customer_334,South,Retail
C0335,Customer_335,South,Retail
C0336,Customer_336,South,Wholesale
C0337,Customer_337,North,Online
C0338,Customer_338,East,Retail
C0339,Customer_339,West,Retail
C0340,Customer_340,South,Online
C0341,Customer_341,North,Online
C0342,Customer_342,North,Wholesale
C0343,Customer_343,East,Retail
C0344,Customer_344,South,Wholesale
C0345,Customer_345,East,Retail
C0346,Customer_346,South,Online
C0347,Customer_347,South,Online
C0348,Customer_348,North,Wholesale
C0349,Customer_349,East,Wholesale
C0350,Customer_350,East,Online
C0351,Customer_351,East,Online
C0352,Customer_352,West,Retail
C0353,Customer_353,West,Wholesale
C0354,Customer_354,North,Retail
C0355,Customer_355,West,Wholesale
C0356,Customer_356,North,Wholesale
C0357,Customer_357,North,Retail
C0358,Customer_358,East,Online
C0359,Customer_359,North,Retail
C0360,Customer_360,East,Online
C0361,Customer_361,West,Retail
C0362,Customer_362,East,Online
C0363,Customer_363,West,Wholesale
C0364,Customer_364,West,Retail
C0365,Customer_365,North,Retail
C0366,Customer_366,East,Online
C0367,Customer_367,South,Online
C0368,Customer_368,North,Wholesale
C0369,Customer_369,South,Retail
C0370,Customer_370,North,Wholesale
C0371,Customer_371,East,Wholesale
C0372,Customer_372,West,Wholesale
C0373,Customer_373,West,Wholesale
C0374,Customer_374,West,Retail
C0375,Customer_375,East,Retail
C0376,Customer_376,North,Online
C0377,Customer_377,South,Retail
C0378,Customer_378,East,Online
C0379,Customer_379,West,Online
C0380,Customer_380,West,Wholesale
C0381,Customer_381,North,Retail
C0382,Customer_382,South,Wholesale
C0383,Customer_383,West,Retail
C0384,Customer_384,West,Online
C0385,Customer_385,East,Retail
C0386,Customer_386,North,Online
C0387,Customer_387,East,Retail
C0388,Customer_388,South,Retail
C0389,Customer_389,West,Online
C0390,Customer_390,West,Online
C0391,Customer_391,South,Online
C0392,Customer_392,North,Online
C0393,Customer_393,North,Retail
C0394,Customer_394,West,Retail
C0395,Customer_395,West,Wholesale
C0396,Customer_396,South,Retail
C0397,Customer_397,North,Wholesale
C0398,Customer_398,West,Retail
C0399,Customer_399,South,Online
C0400,Customer_400,South,Online
